Page,Format,Hash,Status
1,jpeg,5bf7714be3df8866b8c468d8bc20ab4922de1d053f0180aecaa25a5e04cec69e,Unique
1,jpeg,c1bc7a419d855cf089b6c3cb60f6427cbdd84c1b873c195428a6a2d587274e10,Unique
2,jpeg,5bf7714be3df8866b8c468d8bc20ab4922de1d053f0180aecaa25a5e04cec69e,Duplicate
2,jpeg,c1bc7a419d855cf089b6c3cb60f6427cbdd84c1b873c195428a6a2d587274e10,Duplicate
3,jpeg,5bf7714be3df8866b8c468d8bc20ab4922de1d053f0180aecaa25a5e04cec69e,Duplicate
3,jpeg,c1bc7a419d855cf089b6c3cb60f6427cbdd84c1b873c195428a6a2d587274e10,Duplicate
4,jpeg,5bf7714be3df8866b8c468d8bc20ab4922de1d053f0180aecaa25a5e04cec69e,Duplicate
4,jpeg,c1bc7a419d855cf089b6c3cb60f6427cbdd84c1b873c195428a6a2d587274e10,Duplicate
5,jpeg,5bf7714be3df8866b8c468d8bc20ab4922de1d053f0180aecaa25a5e04cec69e,Duplicate
5,jpeg,c1bc7a419d855cf089b6c3cb60f6427cbdd84c1b873c195428a6a2d587274e10,Duplicate
6,jpeg,5bf7714be3df8866b8c468d8bc20ab4922de1d053f0180aecaa25a5e04cec69e,Duplicate
6,jpeg,c1bc7a419d855cf089b6c3cb60f6427cbdd84c1b873c195428a6a2d587274e10,Duplicate
7,jpeg,5bf7714be3df8866b8c468d8bc20ab4922de1d053f0180aecaa25a5e04cec69e,Duplicate
7,jpeg,c1bc7a419d855cf089b6c3cb60f6427cbdd84c1b873c195428a6a2d587274e10,Duplicate
8,jpeg,5bf7714be3df8866b8c468d8bc20ab4922de1d053f0180aecaa25a5e04cec69e,Duplicate
8,jpeg,c1bc7a419d855cf089b6c3cb60f6427cbdd84c1b873c195428a6a2d587274e10,Duplicate
9,jpeg,5bf7714be3df8866b8c468d8bc20ab4922de1d053f0180aecaa25a5e04cec69e,Duplicate
9,jpeg,c1bc7a419d855cf089b6c3cb60f6427cbdd84c1b873c195428a6a2d587274e10,Duplicate
10,jpeg,5bf7714be3df8866b8c468d8bc20ab4922de1d053f0180aecaa25a5e04cec69e,Duplicate
10,jpeg,c1bc7a419d855cf089b6c3cb60f6427cbdd84c1b873c195428a6a2d587274e10,Duplicate
11,jpeg,5bf7714be3df8866b8c468d8bc20ab4922de1d053f0180aecaa25a5e04cec69e,Duplicate
11,jpeg,c1bc7a419d855cf089b6c3cb60f6427cbdd84c1b873c195428a6a2d587274e10,Duplicate
12,jpeg,5bf7714be3df8866b8c468d8bc20ab4922de1d053f0180aecaa25a5e04cec69e,Duplicate
12,jpeg,c1bc7a419d855cf089b6c3cb60f6427cbdd84c1b873c195428a6a2d587274e10,Duplicate
13,jpeg,5bf7714be3df8866b8c468d8bc20ab4922de1d053f0180aecaa25a5e04cec69e,Duplicate
13,jpeg,c1bc7a419d855cf089b6c3cb60f6427cbdd84c1b873c195428a6a2d587274e10,Duplicate
14,jpeg,5bf7714be3df8866b8c468d8bc20ab4922de1d053f0180aecaa25a5e04cec69e,Duplicate
14,jpeg,c1bc7a419d855cf089b6c3cb60f6427cbdd84c1b873c195428a6a2d587274e10,Duplicate
15,jpeg,5bf7714be3df8866b8c468d8bc20ab4922de1d053f0180aecaa25a5e04cec69e,Duplicate
15,jpeg,c1bc7a419d855cf089b6c3cb60f6427cbdd84c1b873c195428a6a2d587274e10,Duplicate
16,jpeg,5bf7714be3df8866b8c468d8bc20ab4922de1d053f0180aecaa25a5e04cec69e,Duplicate
16,jpeg,c1bc7a419d855cf089b6c3cb60f6427cbdd84c1b873c195428a6a2d587274e10,Duplicate
17,jpeg,5bf7714be3df8866b8c468d8bc20ab4922de1d053f0180aecaa25a5e04cec69e,Duplicate
17,jpeg,c1bc7a419d855cf089b6c3cb60f6427cbdd84c1b873c195428a6a2d587274e10,Duplicate
18,jpeg,5bf7714be3df8866b8c468d8bc20ab4922de1d053f0180aecaa25a5e04cec69e,Duplicate
18,jpeg,c1bc7a419d855cf089b6c3cb60f6427cbdd84c1b873c195428a6a2d587274e10,Duplicate
19,jpeg,5bf7714be3df8866b8c468d8bc20ab4922de1d053f0180aecaa25a5e04cec69e,Duplicate
19,jpeg,c1bc7a419d855cf089b6c3cb60f6427cbdd84c1b873c195428a6a2d587274e10,Duplicate
20,jpeg,5bf7714be3df8866b8c468d8bc20ab4922de1d053f0180aecaa25a5e04cec69e,Duplicate
20,jpeg,c1bc7a419d855cf089b6c3cb60f6427cbdd84c1b873c195428a6a2d587274e10,Duplicate
21,jpeg,5bf7714be3df8866b8c468d8bc20ab4922de1d053f0180aecaa25a5e04cec69e,Duplicate
21,jpeg,c1bc7a419d855cf089b6c3cb60f6427cbdd84c1b873c195428a6a2d587274e10,Duplicate
22,jpeg,5bf7714be3df8866b8c468d8bc20ab4922de1d053f0180aecaa25a5e04cec69e,Duplicate
22,jpeg,c1bc7a419d855cf089b6c3cb60f6427cbdd84c1b873c195428a6a2d587274e10,Duplicate
23,jpeg,5bf7714be3df8866b8c468d8bc20ab4922de1d053f0180aecaa25a5e04cec69e,Duplicate
23,jpeg,c1bc7a419d855cf089b6c3cb60f6427cbdd84c1b873c195428a6a2d587274e10,Duplicate
24,jpeg,5bf7714be3df8866b8c468d8bc20ab4922de1d053f0180aecaa25a5e04cec69e,Duplicate
24,jpeg,c1bc7a419d855cf089b6c3cb60f6427cbdd84c1b873c195428a6a2d587274e10,Duplicate
25,jpeg,5bf7714be3df8866b8c468d8bc20ab4922de1d053f0180aecaa25a5e04cec69e,Duplicate
25,jpeg,c1bc7a419d855cf089b6c3cb60f6427cbdd84c1b873c195428a6a2d587274e10,Duplicate
26,jpeg,5bf7714be3df8866b8c468d8bc20ab4922de1d053f0180aecaa25a5e04cec69e,Duplicate
26,jpeg,c1bc7a419d855cf089b6c3cb60f6427cbdd84c1b873c195428a6a2d587274e10,Duplicate
27,jpeg,5bf7714be3df8866b8c468d8bc20ab4922de1d053f0180aecaa25a5e04cec69e,Duplicate
27,jpeg,c1bc7a419d855cf089b6c3cb60f6427cbdd84c1b873c195428a6a2d587274e10,Duplicate
28,jpeg,5bf7714be3df8866b8c468d8bc20ab4922de1d053f0180aecaa25a5e04cec69e,Duplicate
28,jpeg,c1bc7a419d855cf089b6c3cb60f6427cbdd84c1b873c195428a6a2d587274e10,Duplicate
29,jpeg,5bf7714be3df8866b8c468d8bc20ab4922de1d053f0180aecaa25a5e04cec69e,Duplicate
29,jpeg,c1bc7a419d855cf089b6c3cb60f6427cbdd84c1b873c195428a6a2d587274e10,Duplicate
30,jpeg,5bf7714be3df8866b8c468d8bc20ab4922de1d053f0180aecaa25a5e04cec69e,Duplicate
30,jpeg,c1bc7a419d855cf089b6c3cb60f6427cbdd84c1b873c195428a6a2d587274e10,Duplicate
