Page,XREF,Image,Format,SHA256,pHash,Status,Folder
1,7,page_1_image_1.png,png,5bdca088a9b80d25c62f11790301944d2c4f304ed69d5da8369055ef2517cbde,d6fe90186fc6ea80,Duplicate,duplicate_images
2,8,page_2_image_2.png,png,0ddbe26e7f0b92ef6983cbec02288ae76c9811688d65b5fc35932c3642ce2c57,9966669b19666699,Duplicate,duplicate_images
3,9,page_3_image_3.png,png,5aa13397328be19eba26d7ddf230a5738be24cdb185bc8dd2c226e33642279ee,ebcbc174941e27a1,Duplicate,duplicate_images
4,10,page_4_image_4.png,png,64e4198d5f8a99f3caa2254ba319bef778632b12cee120d1f3aed331db9c192a,9b4b1eb3e1a308ab,Duplicate,duplicate_images
5,11,page_5_image_5.png,png,e8647c6c664cf6409b841ee14e957d870cc973a78edf71e0750ad24d27d106b3,f1e50b1a5c20e3e7,Duplicate,duplicate_images
6,12,page_6_image_6.png,png,6ccb35509997150e99df1d1eec2a26412ffde8e532739e5b71fd511173a77132,95e57a1e69992349,Duplicate,duplicate_images
7,7,page_7_image_7.png,png,5bdca088a9b80d25c62f11790301944d2c4f304ed69d5da8369055ef2517cbde,d6fe90186fc6ea80,Identical,identical_images
8,8,page_8_image_8.png,png,0ddbe26e7f0b92ef6983cbec02288ae76c9811688d65b5fc35932c3642ce2c57,9966669b19666699,Identical,identical_images
9,9,page_9_image_9.png,png,5aa13397328be19eba26d7ddf230a5738be24cdb185bc8dd2c226e33642279ee,ebcbc174941e27a1,Identical,identical_images
10,10,page_10_image_10.png,png,64e4198d5f8a99f3caa2254ba319bef778632b12cee120d1f3aed331db9c192a,9b4b1eb3e1a308ab,Identical,identical_images
11,11,page_11_image_11.png,png,e8647c6c664cf6409b841ee14e957d870cc973a78edf71e0750ad24d27d106b3,f1e50b1a5c20e3e7,Identical,identical_images
12,12,page_12_image_12.png,png,6ccb35509997150e99df1d1eec2a26412ffde8e532739e5b71fd511173a77132,95e57a1e69992349,Identical,identical_images
13,7,page_13_image_13.png,png,5bdca088a9b80d25c62f11790301944d2c4f304ed69d5da8369055ef2517cbde,d6fe90186fc6ea80,Identical,identical_images
14,8,page_14_image_14.png,png,0ddbe26e7f0b92ef6983cbec02288ae76c9811688d65b5fc35932c3642ce2c57,9966669b19666699,Identical,identical_images
15,9,page_15_image_15.png,png,5aa13397328be19eba26d7ddf230a5738be24cdb185bc8dd2c226e33642279ee,ebcbc174941e27a1,Identical,identical_images
16,10,page_16_image_16.png,png,64e4198d5f8a99f3caa2254ba319bef778632b12cee120d1f3aed331db9c192a,9b4b1eb3e1a308ab,Identical,identical_images
17,11,page_17_image_17.png,png,e8647c6c664cf6409b841ee14e957d870cc973a78edf71e0750ad24d27d106b3,f1e50b1a5c20e3e7,Identical,identical_images
18,12,page_18_image_18.png,png,6ccb35509997150e99df1d1eec2a26412ffde8e532739e5b71fd511173a77132,95e57a1e69992349,Identical,identical_images
19,7,page_19_image_19.png,png,5bdca088a9b80d25c62f11790301944d2c4f304ed69d5da8369055ef2517cbde,d6fe90186fc6ea80,Identical,identical_images
20,8,page_20_image_20.png,png,0ddbe26e7f0b92ef6983cbec02288ae76c9811688d65b5fc35932c3642ce2c57,9966669b19666699,Identical,identical_images
21,9,page_21_image_21.png,png,5aa13397328be19eba26d7ddf230a5738be24cdb185bc8dd2c226e33642279ee,ebcbc174941e27a1,Identical,identical_images
22,10,page_22_image_22.png,png,64e4198d5f8a99f3caa2254ba319bef778632b12cee120d1f3aed331db9c192a,9b4b1eb3e1a308ab,Identical,identical_images
23,11,page_23_image_23.png,png,e8647c6c664cf6409b841ee14e957d870cc973a78edf71e0750ad24d27d106b3,f1e50b1a5c20e3e7,Identical,identical_images
24,12,page_24_image_24.png,png,6ccb35509997150e99df1d1eec2a26412ffde8e532739e5b71fd511173a77132,95e57a1e69992349,Identical,identical_images
25,7,page_25_image_25.png,png,5bdca088a9b80d25c62f11790301944d2c4f304ed69d5da8369055ef2517cbde,d6fe90186fc6ea80,Identical,identical_images
26,8,page_26_image_26.png,png,0ddbe26e7f0b92ef6983cbec02288ae76c9811688d65b5fc35932c3642ce2c57,9966669b19666699,Identical,identical_images
27,9,page_27_image_27.png,png,5aa13397328be19eba26d7ddf230a5738be24cdb185bc8dd2c226e33642279ee,ebcbc174941e27a1,Identical,identical_images
28,10,page_28_image_28.png,png,64e4198d5f8a99f3caa2254ba319bef778632b12cee120d1f3aed331db9c192a,9b4b1eb3e1a308ab,Identical,identical_images
29,11,page_29_image_29.png,png,e8647c6c664cf6409b841ee14e957d870cc973a78edf71e0750ad24d27d106b3,f1e50b1a5c20e3e7,Identical,identical_images
30,12,page_30_image_30.png,png,6ccb35509997150e99df1d1eec2a26412ffde8e532739e5b71fd511173a77132,95e57a1e69992349,Identical,identical_images
31,7,page_31_image_31.png,png,5bdca088a9b80d25c62f11790301944d2c4f304ed69d5da8369055ef2517cbde,d6fe90186fc6ea80,Identical,identical_images
32,8,page_32_image_32.png,png,0ddbe26e7f0b92ef6983cbec02288ae76c9811688d65b5fc35932c3642ce2c57,9966669b19666699,Identical,identical_images
33,9,page_33_image_33.png,png,5aa13397328be19eba26d7ddf230a5738be24cdb185bc8dd2c226e33642279ee,ebcbc174941e27a1,Identical,identical_images
34,10,page_34_image_34.png,png,64e4198d5f8a99f3caa2254ba319bef778632b12cee120d1f3aed331db9c192a,9b4b1eb3e1a308ab,Identical,identical_images
35,11,page_35_image_35.png,png,e8647c6c664cf6409b841ee14e957d870cc973a78edf71e0750ad24d27d106b3,f1e50b1a5c20e3e7,Identical,identical_images
36,12,page_36_image_36.png,png,6ccb35509997150e99df1d1eec2a26412ffde8e532739e5b71fd511173a77132,95e57a1e69992349,Identical,identical_images
37,7,page_37_image_37.png,png,5bdca088a9b80d25c62f11790301944d2c4f304ed69d5da8369055ef2517cbde,d6fe90186fc6ea80,Identical,identical_images
38,8,page_38_image_38.png,png,0ddbe26e7f0b92ef6983cbec02288ae76c9811688d65b5fc35932c3642ce2c57,9966669b19666699,Identical,identical_images
39,9,page_39_image_39.png,png,5aa13397328be19eba26d7ddf230a5738be24cdb185bc8dd2c226e33642279ee,ebcbc174941e27a1,Identical,identical_images
40,10,page_40_image_40.png,png,64e4198d5f8a99f3caa2254ba319bef778632b12cee120d1f3aed331db9c192a,9b4b1eb3e1a308ab,Identical,identical_images
41,11,page_41_image_41.png,png,e8647c6c664cf6409b841ee14e957d870cc973a78edf71e0750ad24d27d106b3,f1e50b1a5c20e3e7,Identical,identical_images
42,12,page_42_image_42.png,png,6ccb35509997150e99df1d1eec2a26412ffde8e532739e5b71fd511173a77132,95e57a1e69992349,Identical,identical_images
43,7,page_43_image_43.png,png,5bdca088a9b80d25c62f11790301944d2c4f304ed69d5da8369055ef2517cbde,d6fe90186fc6ea80,Identical,identical_images
44,8,page_44_image_44.png,png,0ddbe26e7f0b92ef6983cbec02288ae76c9811688d65b5fc35932c3642ce2c57,9966669b19666699,Identical,identical_images
45,9,page_45_image_45.png,png,5aa13397328be19eba26d7ddf230a5738be24cdb185bc8dd2c226e33642279ee,ebcbc174941e27a1,Identical,identical_images
46,10,page_46_image_46.png,png,64e4198d5f8a99f3caa2254ba319bef778632b12cee120d1f3aed331db9c192a,9b4b1eb3e1a308ab,Identical,identical_images
47,11,page_47_image_47.png,png,e8647c6c664cf6409b841ee14e957d870cc973a78edf71e0750ad24d27d106b3,f1e50b1a5c20e3e7,Identical,identical_images
48,12,page_48_image_48.png,png,6ccb35509997150e99df1d1eec2a26412ffde8e532739e5b71fd511173a77132,95e57a1e69992349,Identical,identical_images
49,7,page_49_image_49.png,png,5bdca088a9b80d25c62f11790301944d2c4f304ed69d5da8369055ef2517cbde,d6fe90186fc6ea80,Identical,identical_images
50,8,page_50_image_50.png,png,0ddbe26e7f0b92ef6983cbec02288ae76c9811688d65b5fc35932c3642ce2c57,9966669b19666699,Identical,identical_images
51,9,page_51_image_51.png,png,5aa13397328be19eba26d7ddf230a5738be24cdb185bc8dd2c226e33642279ee,ebcbc174941e27a1,Identical,identical_images
52,10,page_52_image_52.png,png,64e4198d5f8a99f3caa2254ba319bef778632b12cee120d1f3aed331db9c192a,9b4b1eb3e1a308ab,Identical,identical_images
53,11,page_53_image_53.png,png,e8647c6c664cf6409b841ee14e957d870cc973a78edf71e0750ad24d27d106b3,f1e50b1a5c20e3e7,Identical,identical_images
54,12,page_54_image_54.png,png,6ccb35509997150e99df1d1eec2a26412ffde8e532739e5b71fd511173a77132,95e57a1e69992349,Identical,identical_images
55,7,page_55_image_55.png,png,5bdca088a9b80d25c62f11790301944d2c4f304ed69d5da8369055ef2517cbde,d6fe90186fc6ea80,Identical,identical_images
56,8,page_56_image_56.png,png,0ddbe26e7f0b92ef6983cbec02288ae76c9811688d65b5fc35932c3642ce2c57,9966669b19666699,Identical,identical_images
57,9,page_57_image_57.png,png,5aa13397328be19eba26d7ddf230a5738be24cdb185bc8dd2c226e33642279ee,ebcbc174941e27a1,Identical,identical_images
58,10,page_58_image_58.png,png,64e4198d5f8a99f3caa2254ba319bef778632b12cee120d1f3aed331db9c192a,9b4b1eb3e1a308ab,Identical,identical_images
59,11,page_59_image_59.png,png,e8647c6c664cf6409b841ee14e957d870cc973a78edf71e0750ad24d27d106b3,f1e50b1a5c20e3e7,Identical,identical_images
60,12,page_60_image_60.png,png,6ccb35509997150e99df1d1eec2a26412ffde8e532739e5b71fd511173a77132,95e57a1e69992349,Identical,identical_images
61,7,page_61_image_61.png,png,5bdca088a9b80d25c62f11790301944d2c4f304ed69d5da8369055ef2517cbde,d6fe90186fc6ea80,Identical,identical_images
62,8,page_62_image_62.png,png,0ddbe26e7f0b92ef6983cbec02288ae76c9811688d65b5fc35932c3642ce2c57,9966669b19666699,Identical,identical_images
63,9,page_63_image_63.png,png,5aa13397328be19eba26d7ddf230a5738be24cdb185bc8dd2c226e33642279ee,ebcbc174941e27a1,Identical,identical_images
64,10,page_64_image_64.png,png,64e4198d5f8a99f3caa2254ba319bef778632b12cee120d1f3aed331db9c192a,9b4b1eb3e1a308ab,Identical,identical_images
65,11,page_65_image_65.png,png,e8647c6c664cf6409b841ee14e957d870cc973a78edf71e0750ad24d27d106b3,f1e50b1a5c20e3e7,Identical,identical_images
66,12,page_66_image_66.png,png,6ccb35509997150e99df1d1eec2a26412ffde8e532739e5b71fd511173a77132,95e57a1e69992349,Identical,identical_images
67,7,page_67_image_67.png,png,5bdca088a9b80d25c62f11790301944d2c4f304ed69d5da8369055ef2517cbde,d6fe90186fc6ea80,Identical,identical_images
68,8,page_68_image_68.png,png,0ddbe26e7f0b92ef6983cbec02288ae76c9811688d65b5fc35932c3642ce2c57,9966669b19666699,Identical,identical_images
69,9,page_69_image_69.png,png,5aa13397328be19eba26d7ddf230a5738be24cdb185bc8dd2c226e33642279ee,ebcbc174941e27a1,Identical,identical_images
70,10,page_70_image_70.png,png,64e4198d5f8a99f3caa2254ba319bef778632b12cee120d1f3aed331db9c192a,9b4b1eb3e1a308ab,Identical,identical_images
71,11,page_71_image_71.png,png,e8647c6c664cf6409b841ee14e957d870cc973a78edf71e0750ad24d27d106b3,f1e50b1a5c20e3e7,Identical,identical_images
72,12,page_72_image_72.png,png,6ccb35509997150e99df1d1eec2a26412ffde8e532739e5b71fd511173a77132,95e57a1e69992349,Identical,identical_images
73,7,page_73_image_73.png,png,5bdca088a9b80d25c62f11790301944d2c4f304ed69d5da8369055ef2517cbde,d6fe90186fc6ea80,Identical,identical_images
74,8,page_74_image_74.png,png,0ddbe26e7f0b92ef6983cbec02288ae76c9811688d65b5fc35932c3642ce2c57,9966669b19666699,Identical,identical_images
75,9,page_75_image_75.png,png,5aa13397328be19eba26d7ddf230a5738be24cdb185bc8dd2c226e33642279ee,ebcbc174941e27a1,Identical,identical_images
76,10,page_76_image_76.png,png,64e4198d5f8a99f3caa2254ba319bef778632b12cee120d1f3aed331db9c192a,9b4b1eb3e1a308ab,Identical,identical_images
77,11,page_77_image_77.png,png,e8647c6c664cf6409b841ee14e957d870cc973a78edf71e0750ad24d27d106b3,f1e50b1a5c20e3e7,Identical,identical_images
78,12,page_78_image_78.png,png,6ccb35509997150e99df1d1eec2a26412ffde8e532739e5b71fd511173a77132,95e57a1e69992349,Identical,identical_images
79,7,page_79_image_79.png,png,5bdca088a9b80d25c62f11790301944d2c4f304ed69d5da8369055ef2517cbde,d6fe90186fc6ea80,Identical,identical_images
80,8,page_80_image_80.png,png,0ddbe26e7f0b92ef6983cbec02288ae76c9811688d65b5fc35932c3642ce2c57,9966669b19666699,Identical,identical_images
81,9,page_81_image_81.png,png,5aa13397328be19eba26d7ddf230a5738be24cdb185bc8dd2c226e33642279ee,ebcbc174941e27a1,Identical,identical_images
82,10,page_82_image_82.png,png,64e4198d5f8a99f3caa2254ba319bef778632b12cee120d1f3aed331db9c192a,9b4b1eb3e1a308ab,Identical,identical_images
83,11,page_83_image_83.png,png,e8647c6c664cf6409b841ee14e957d870cc973a78edf71e0750ad24d27d106b3,f1e50b1a5c20e3e7,Identical,identical_images
84,12,page_84_image_84.png,png,6ccb35509997150e99df1d1eec2a26412ffde8e532739e5b71fd511173a77132,95e57a1e69992349,Identical,identical_images
85,7,page_85_image_85.png,png,5bdca088a9b80d25c62f11790301944d2c4f304ed69d5da8369055ef2517cbde,d6fe90186fc6ea80,Identical,identical_images
86,8,page_86_image_86.png,png,0ddbe26e7f0b92ef6983cbec02288ae76c9811688d65b5fc35932c3642ce2c57,9966669b19666699,Identical,identical_images
87,9,page_87_image_87.png,png,5aa13397328be19eba26d7ddf230a5738be24cdb185bc8dd2c226e33642279ee,ebcbc174941e27a1,Identical,identical_images
88,10,page_88_image_88.png,png,64e4198d5f8a99f3caa2254ba319bef778632b12cee120d1f3aed331db9c192a,9b4b1eb3e1a308ab,Identical,identical_images
89,11,page_89_image_89.png,png,e8647c6c664cf6409b841ee14e957d870cc973a78edf71e0750ad24d27d106b3,f1e50b1a5c20e3e7,Identical,identical_images
90,12,page_90_image_90.png,png,6ccb35509997150e99df1d1eec2a26412ffde8e532739e5b71fd511173a77132,95e57a1e69992349,Identical,identical_images
91,7,page_91_image_91.png,png,5bdca088a9b80d25c62f11790301944d2c4f304ed69d5da8369055ef2517cbde,d6fe90186fc6ea80,Identical,identical_images
92,8,page_92_image_92.png,png,0ddbe26e7f0b92ef6983cbec02288ae76c9811688d65b5fc35932c3642ce2c57,9966669b19666699,Identical,identical_images
93,9,page_93_image_93.png,png,5aa13397328be19eba26d7ddf230a5738be24cdb185bc8dd2c226e33642279ee,ebcbc174941e27a1,Identical,identical_images
94,10,page_94_image_94.png,png,64e4198d5f8a99f3caa2254ba319bef778632b12cee120d1f3aed331db9c192a,9b4b1eb3e1a308ab,Identical,identical_images
95,11,page_95_image_95.png,png,e8647c6c664cf6409b841ee14e957d870cc973a78edf71e0750ad24d27d106b3,f1e50b1a5c20e3e7,Identical,identical_images
96,12,page_96_image_96.png,png,6ccb35509997150e99df1d1eec2a26412ffde8e532739e5b71fd511173a77132,95e57a1e69992349,Identical,identical_images
97,7,page_97_image_97.png,png,5bdca088a9b80d25c62f11790301944d2c4f304ed69d5da8369055ef2517cbde,d6fe90186fc6ea80,Identical,identical_images
98,8,page_98_image_98.png,png,0ddbe26e7f0b92ef6983cbec02288ae76c9811688d65b5fc35932c3642ce2c57,9966669b19666699,Identical,identical_images
99,9,page_99_image_99.png,png,5aa13397328be19eba26d7ddf230a5738be24cdb185bc8dd2c226e33642279ee,ebcbc174941e27a1,Identical,identical_images
100,10,page_100_image_100.png,png,64e4198d5f8a99f3caa2254ba319bef778632b12cee120d1f3aed331db9c192a,9b4b1eb3e1a308ab,Identical,identical_images
