Page,Image Name,Format,SHA256,Perceptual Hash,Status,Saved Folder
1,image_2.jpeg,jpeg,c1bc7a419d855cf089b6c3cb60f6427cbdd84c1b873c195428a6a2d587274e10,f16373109e8e6a65,Duplicate,duplicate_images
2,image_3.jpeg,jpeg,5bf7714be3df8866b8c468d8bc20ab4922de1d053f0180aecaa25a5e04cec69e,f16373109e8e6a65,Identical,identical_images
2,image_4.jpeg,jpeg,c1bc7a419d855cf089b6c3cb60f6427cbdd84c1b873c195428a6a2d587274e10,f16373109e8e6a65,Identical,identical_images
3,image_5.jpeg,jpeg,5bf7714be3df8866b8c468d8bc20ab4922de1d053f0180aecaa25a5e04cec69e,f16373109e8e6a65,Identical,identical_images
3,image_6.jpeg,jpeg,c1bc7a419d855cf089b6c3cb60f6427cbdd84c1b873c195428a6a2d587274e10,f16373109e8e6a65,Identical,identical_images
4,image_7.jpeg,jpeg,5bf7714be3df8866b8c468d8bc20ab4922de1d053f0180aecaa25a5e04cec69e,f16373109e8e6a65,Identical,identical_images
4,image_8.jpeg,jpeg,c1bc7a419d855cf089b6c3cb60f6427cbdd84c1b873c195428a6a2d587274e10,f16373109e8e6a65,Identical,identical_images
5,image_9.jpeg,jpeg,5bf7714be3df8866b8c468d8bc20ab4922de1d053f0180aecaa25a5e04cec69e,f16373109e8e6a65,Identical,identical_images
5,image_10.jpeg,jpeg,c1bc7a419d855cf089b6c3cb60f6427cbdd84c1b873c195428a6a2d587274e10,f16373109e8e6a65,Identical,identical_images
6,image_11.jpeg,jpeg,5bf7714be3df8866b8c468d8bc20ab4922de1d053f0180aecaa25a5e04cec69e,f16373109e8e6a65,Identical,identical_images
6,image_12.jpeg,jpeg,c1bc7a419d855cf089b6c3cb60f6427cbdd84c1b873c195428a6a2d587274e10,f16373109e8e6a65,Identical,identical_images
7,image_13.jpeg,jpeg,5bf7714be3df8866b8c468d8bc20ab4922de1d053f0180aecaa25a5e04cec69e,f16373109e8e6a65,Identical,identical_images
7,image_14.jpeg,jpeg,c1bc7a419d855cf089b6c3cb60f6427cbdd84c1b873c195428a6a2d587274e10,f16373109e8e6a65,Identical,identical_images
8,image_15.jpeg,jpeg,5bf7714be3df8866b8c468d8bc20ab4922de1d053f0180aecaa25a5e04cec69e,f16373109e8e6a65,Identical,identical_images
8,image_16.jpeg,jpeg,c1bc7a419d855cf089b6c3cb60f6427cbdd84c1b873c195428a6a2d587274e10,f16373109e8e6a65,Identical,identical_images
9,image_17.jpeg,jpeg,5bf7714be3df8866b8c468d8bc20ab4922de1d053f0180aecaa25a5e04cec69e,f16373109e8e6a65,Identical,identical_images
9,image_18.jpeg,jpeg,c1bc7a419d855cf089b6c3cb60f6427cbdd84c1b873c195428a6a2d587274e10,f16373109e8e6a65,Identical,identical_images
10,image_19.jpeg,jpeg,5bf7714be3df8866b8c468d8bc20ab4922de1d053f0180aecaa25a5e04cec69e,f16373109e8e6a65,Identical,identical_images
10,image_20.jpeg,jpeg,c1bc7a419d855cf089b6c3cb60f6427cbdd84c1b873c195428a6a2d587274e10,f16373109e8e6a65,Identical,identical_images
11,image_21.jpeg,jpeg,5bf7714be3df8866b8c468d8bc20ab4922de1d053f0180aecaa25a5e04cec69e,f16373109e8e6a65,Identical,identical_images
11,image_22.jpeg,jpeg,c1bc7a419d855cf089b6c3cb60f6427cbdd84c1b873c195428a6a2d587274e10,f16373109e8e6a65,Identical,identical_images
12,image_23.jpeg,jpeg,5bf7714be3df8866b8c468d8bc20ab4922de1d053f0180aecaa25a5e04cec69e,f16373109e8e6a65,Identical,identical_images
12,image_24.jpeg,jpeg,c1bc7a419d855cf089b6c3cb60f6427cbdd84c1b873c195428a6a2d587274e10,f16373109e8e6a65,Identical,identical_images
13,image_25.jpeg,jpeg,5bf7714be3df8866b8c468d8bc20ab4922de1d053f0180aecaa25a5e04cec69e,f16373109e8e6a65,Identical,identical_images
13,image_26.jpeg,jpeg,c1bc7a419d855cf089b6c3cb60f6427cbdd84c1b873c195428a6a2d587274e10,f16373109e8e6a65,Identical,identical_images
14,image_27.jpeg,jpeg,5bf7714be3df8866b8c468d8bc20ab4922de1d053f0180aecaa25a5e04cec69e,f16373109e8e6a65,Identical,identical_images
14,image_28.jpeg,jpeg,c1bc7a419d855cf089b6c3cb60f6427cbdd84c1b873c195428a6a2d587274e10,f16373109e8e6a65,Identical,identical_images
15,image_29.jpeg,jpeg,5bf7714be3df8866b8c468d8bc20ab4922de1d053f0180aecaa25a5e04cec69e,f16373109e8e6a65,Identical,identical_images
15,image_30.jpeg,jpeg,c1bc7a419d855cf089b6c3cb60f6427cbdd84c1b873c195428a6a2d587274e10,f16373109e8e6a65,Identical,identical_images
16,image_31.jpeg,jpeg,5bf7714be3df8866b8c468d8bc20ab4922de1d053f0180aecaa25a5e04cec69e,f16373109e8e6a65,Identical,identical_images
16,image_32.jpeg,jpeg,c1bc7a419d855cf089b6c3cb60f6427cbdd84c1b873c195428a6a2d587274e10,f16373109e8e6a65,Identical,identical_images
17,image_33.jpeg,jpeg,5bf7714be3df8866b8c468d8bc20ab4922de1d053f0180aecaa25a5e04cec69e,f16373109e8e6a65,Identical,identical_images
17,image_34.jpeg,jpeg,c1bc7a419d855cf089b6c3cb60f6427cbdd84c1b873c195428a6a2d587274e10,f16373109e8e6a65,Identical,identical_images
18,image_35.jpeg,jpeg,5bf7714be3df8866b8c468d8bc20ab4922de1d053f0180aecaa25a5e04cec69e,f16373109e8e6a65,Identical,identical_images
18,image_36.jpeg,jpeg,c1bc7a419d855cf089b6c3cb60f6427cbdd84c1b873c195428a6a2d587274e10,f16373109e8e6a65,Identical,identical_images
19,image_37.jpeg,jpeg,5bf7714be3df8866b8c468d8bc20ab4922de1d053f0180aecaa25a5e04cec69e,f16373109e8e6a65,Identical,identical_images
19,image_38.jpeg,jpeg,c1bc7a419d855cf089b6c3cb60f6427cbdd84c1b873c195428a6a2d587274e10,f16373109e8e6a65,Identical,identical_images
20,image_39.jpeg,jpeg,5bf7714be3df8866b8c468d8bc20ab4922de1d053f0180aecaa25a5e04cec69e,f16373109e8e6a65,Identical,identical_images
20,image_40.jpeg,jpeg,c1bc7a419d855cf089b6c3cb60f6427cbdd84c1b873c195428a6a2d587274e10,f16373109e8e6a65,Identical,identical_images
21,image_41.jpeg,jpeg,5bf7714be3df8866b8c468d8bc20ab4922de1d053f0180aecaa25a5e04cec69e,f16373109e8e6a65,Identical,identical_images
21,image_42.jpeg,jpeg,c1bc7a419d855cf089b6c3cb60f6427cbdd84c1b873c195428a6a2d587274e10,f16373109e8e6a65,Identical,identical_images
22,image_43.jpeg,jpeg,5bf7714be3df8866b8c468d8bc20ab4922de1d053f0180aecaa25a5e04cec69e,f16373109e8e6a65,Identical,identical_images
22,image_44.jpeg,jpeg,c1bc7a419d855cf089b6c3cb60f6427cbdd84c1b873c195428a6a2d587274e10,f16373109e8e6a65,Identical,identical_images
23,image_45.jpeg,jpeg,5bf7714be3df8866b8c468d8bc20ab4922de1d053f0180aecaa25a5e04cec69e,f16373109e8e6a65,Identical,identical_images
23,image_46.jpeg,jpeg,c1bc7a419d855cf089b6c3cb60f6427cbdd84c1b873c195428a6a2d587274e10,f16373109e8e6a65,Identical,identical_images
24,image_47.jpeg,jpeg,5bf7714be3df8866b8c468d8bc20ab4922de1d053f0180aecaa25a5e04cec69e,f16373109e8e6a65,Identical,identical_images
24,image_48.jpeg,jpeg,c1bc7a419d855cf089b6c3cb60f6427cbdd84c1b873c195428a6a2d587274e10,f16373109e8e6a65,Identical,identical_images
25,image_49.jpeg,jpeg,5bf7714be3df8866b8c468d8bc20ab4922de1d053f0180aecaa25a5e04cec69e,f16373109e8e6a65,Identical,identical_images
25,image_50.jpeg,jpeg,c1bc7a419d855cf089b6c3cb60f6427cbdd84c1b873c195428a6a2d587274e10,f16373109e8e6a65,Identical,identical_images
26,image_51.jpeg,jpeg,5bf7714be3df8866b8c468d8bc20ab4922de1d053f0180aecaa25a5e04cec69e,f16373109e8e6a65,Identical,identical_images
26,image_52.jpeg,jpeg,c1bc7a419d855cf089b6c3cb60f6427cbdd84c1b873c195428a6a2d587274e10,f16373109e8e6a65,Identical,identical_images
27,image_53.jpeg,jpeg,5bf7714be3df8866b8c468d8bc20ab4922de1d053f0180aecaa25a5e04cec69e,f16373109e8e6a65,Identical,identical_images
27,image_54.jpeg,jpeg,c1bc7a419d855cf089b6c3cb60f6427cbdd84c1b873c195428a6a2d587274e10,f16373109e8e6a65,Identical,identical_images
28,image_55.jpeg,jpeg,5bf7714be3df8866b8c468d8bc20ab4922de1d053f0180aecaa25a5e04cec69e,f16373109e8e6a65,Identical,identical_images
28,image_56.jpeg,jpeg,c1bc7a419d855cf089b6c3cb60f6427cbdd84c1b873c195428a6a2d587274e10,f16373109e8e6a65,Identical,identical_images
29,image_57.jpeg,jpeg,5bf7714be3df8866b8c468d8bc20ab4922de1d053f0180aecaa25a5e04cec69e,f16373109e8e6a65,Identical,identical_images
29,image_58.jpeg,jpeg,c1bc7a419d855cf089b6c3cb60f6427cbdd84c1b873c195428a6a2d587274e10,f16373109e8e6a65,Identical,identical_images
30,image_59.jpeg,jpeg,5bf7714be3df8866b8c468d8bc20ab4922de1d053f0180aecaa25a5e04cec69e,f16373109e8e6a65,Identical,identical_images
30,image_60.jpeg,jpeg,c1bc7a419d855cf089b6c3cb60f6427cbdd84c1b873c195428a6a2d587274e10,f16373109e8e6a65,Identical,identical_images
